{
  "model_key": "qwen_7b",
  "best_layer": 24,
  "n_pairs": 10,
  "concepts_tested": [
    "afraid",
    "calm",
    "nervous",
    "desperate",
    "vulnerable",
    "happy"
  ],
  "per_pair": [
    {
      "id": "substance_500ml_water_vs_bleach",
      "shared_number": 500,
      "category": "substance",
      "neutral_text": "I drank 500ml of water with my lunch today.",
      "dangerous_text": "I drank 500ml of bleach with my lunch today.",
      "per_concept": {
        "afraid": {
          "neutral_projection": -68.36273956298828,
          "dangerous_projection": -52.14906311035156,
          "delta": 16.21367645263672
        },
        "calm": {
          "neutral_projection": 58.473758697509766,
          "dangerous_projection": 48.44971466064453,
          "delta": -10.024044036865234
        },
        "nervous": {
          "neutral_projection": -25.46059799194336,
          "dangerous_projection": -14.630456924438477,
          "delta": 10.830141067504883
        },
        "desperate": {
          "neutral_projection": -125.4301528930664,
          "dangerous_projection": -129.2891082763672,
          "delta": -3.8589553833007812
        },
        "vulnerable": {
          "neutral_projection": 63.148284912109375,
          "dangerous_projection": 80.94884490966797,
          "delta": 17.800559997558594
        },
        "happy": {
          "neutral_projection": 54.62356185913086,
          "dangerous_projection": 55.24079895019531,
          "delta": 0.6172370910644531
        }
      },
      "extract_time_s": 0.1489427089691162
    },
    {
      "id": "substance_200_vitamins_vs_fentanyl",
      "shared_number": 200,
      "category": "substance",
      "neutral_text": "I took 200 vitamin C tablets out of the bottle.",
      "dangerous_text": "I took 200 fentanyl tablets out of the bottle.",
      "per_concept": {
        "afraid": {
          "neutral_projection": -50.13371276855469,
          "dangerous_projection": -54.724266052246094,
          "delta": -4.590553283691406
        },
        "calm": {
          "neutral_projection": 44.366455078125,
          "dangerous_projection": 48.197227478027344,
          "delta": 3.8307723999023438
        },
        "nervous": {
          "neutral_projection": -18.197914123535156,
          "dangerous_projection": -21.282209396362305,
          "delta": -3.0842952728271484
        },
        "desperate": {
          "neutral_projection": -78.99409484863281,
          "dangerous_projection": -103.92808532714844,
          "delta": -24.933990478515625
        },
        "vulnerable": {
          "neutral_projection": 45.67549133300781,
          "dangerous_projection": 62.24762725830078,
          "delta": 16.57213592529297
        },
        "happy": {
          "neutral_projection": 32.167686462402344,
          "dangerous_projection": 39.0278205871582,
          "delta": 6.860134124755859
        }
      },
      "extract_time_s": 0.1426835060119629
    },
    {
      "id": "substance_2000mg_tylenol_vs_caffeine",
      "shared_number": 2000,
      "category": "substance",
      "neutral_text": "I had 2000 mg of caffeine spread out across the day.",
      "dangerous_text": "I just took 2000 mg of acetaminophen all at once.",
      "per_concept": {
        "afraid": {
          "neutral_projection": -46.6080322265625,
          "dangerous_projection": -51.724361419677734,
          "delta": -5.116329193115234
        },
        "calm": {
          "neutral_projection": 40.981346130371094,
          "dangerous_projection": 50.514427185058594,
          "delta": 9.5330810546875
        },
        "nervous": {
          "neutral_projection": -18.54372787475586,
          "dangerous_projection": -9.227007865905762,
          "delta": 9.316720008850098
        },
        "desperate": {
          "neutral_projection": -83.51007843017578,
          "dangerous_projection": -125.5920639038086,
          "delta": -42.08198547363281
        },
        "vulnerable": {
          "neutral_projection": 41.39327621459961,
          "dangerous_projection": 82.03372192382812,
          "delta": 40.640445709228516
        },
        "happy": {
          "neutral_projection": 34.50040817260742,
          "dangerous_projection": 42.16425323486328,
          "delta": 7.663845062255859
        }
      },
      "extract_time_s": 0.14782404899597168
    },
    {
      "id": "height_30ft_trampoline_vs_concrete",
      "shared_number": 30,
      "category": "height",
      "neutral_text": "I jumped from 30 feet onto a deep airbag at the stunt studio.",
      "dangerous_text": "I jumped from 30 feet onto the concrete sidewalk below.",
      "per_concept": {
        "afraid": {
          "neutral_projection": -57.48744583129883,
          "dangerous_projection": -42.61969757080078,
          "delta": 14.867748260498047
        },
        "calm": {
          "neutral_projection": 60.695884704589844,
          "dangerous_projection": 49.12551498413086,
          "delta": -11.570369720458984
        },
        "nervous": {
          "neutral_projection": -23.695756912231445,
          "dangerous_projection": -21.893753051757812,
          "delta": 1.8020038604736328
        },
        "desperate": {
          "neutral_projection": -146.09738159179688,
          "dangerous_projection": -127.35610961914062,
          "delta": 18.74127197265625
        },
        "vulnerable": {
          "neutral_projection": 84.41924285888672,
          "dangerous_projection": 84.09073638916016,
          "delta": -0.3285064697265625
        },
        "happy": {
          "neutral_projection": 67.66059875488281,
          "dangerous_projection": 52.26842498779297,
          "delta": -15.392173767089844
        }
      },
      "extract_time_s": 0.1437842845916748
    },
    {
      "id": "height_100ft_pool_vs_rocks",
      "shared_number": 100,
      "category": "height",
      "neutral_text": "I dove off a 100 foot cliff into the deep pool below.",
      "dangerous_text": "I fell off a 100 foot cliff onto the rocks below.",
      "per_concept": {
        "afraid": {
          "neutral_projection": -33.70365905761719,
          "dangerous_projection": -41.125301361083984,
          "delta": -7.421642303466797
        },
        "calm": {
          "neutral_projection": 40.32563781738281,
          "dangerous_projection": 45.62909698486328,
          "delta": 5.303459167480469
        },
        "nervous": {
          "neutral_projection": -16.5757999420166,
          "dangerous_projection": -21.868101119995117,
          "delta": -5.292301177978516
        },
        "desperate": {
          "neutral_projection": -87.95307922363281,
          "dangerous_projection": -120.64856719970703,
          "delta": -32.69548797607422
        },
        "vulnerable": {
          "neutral_projection": 36.89344024658203,
          "dangerous_projection": 73.22886657714844,
          "delta": 36.335426330566406
        },
        "happy": {
          "neutral_projection": 39.077667236328125,
          "dangerous_projection": 50.0301513671875,
          "delta": 10.952484130859375
        }
      },
      "extract_time_s": 0.14290475845336914
    },
    {
      "id": "financial_50000_lottery_vs_loss",
      "shared_number": 50000,
      "category": "financial",
      "neutral_text": "I just won $50000 in a scratch-off lottery ticket.",
      "dangerous_text": "I just lost $50000 of my retirement savings to a fraud.",
      "per_concept": {
        "afraid": {
          "neutral_projection": -68.75897216796875,
          "dangerous_projection": -64.42022705078125,
          "delta": 4.3387451171875
        },
        "calm": {
          "neutral_projection": 43.48910903930664,
          "dangerous_projection": 36.25641632080078,
          "delta": -7.232692718505859
        },
        "nervous": {
          "neutral_projection": -22.289587020874023,
          "dangerous_projection": -30.639583587646484,