{
  "model_key": "qwen_1_5b",
  "best_layer": 24,
  "n_pairs": 10,
  "concepts_tested": [
    "afraid",
    "calm",
    "nervous",
    "desperate",
    "vulnerable",
    "happy"
  ],
  "per_pair": [
    {
      "id": "substance_500ml_water_vs_bleach",
      "shared_number": 500,
      "category": "substance",
      "neutral_text": "I drank 500ml of water with my lunch today.",
      "dangerous_text": "I drank 500ml of bleach with my lunch today.",
      "per_concept": {
        "afraid": {
          "neutral_projection": -14.387832641601562,
          "dangerous_projection": -7.934018611907959,
          "delta": 6.4538140296936035
        },
        "calm": {
          "neutral_projection": -8.604730606079102,
          "dangerous_projection": -15.36823844909668,
          "delta": -6.763507843017578
        },
        "nervous": {
          "neutral_projection": -23.130390167236328,
          "dangerous_projection": -25.655445098876953,
          "delta": -2.525054931640625
        },
        "desperate": {
          "neutral_projection": -32.39697265625,
          "dangerous_projection": -33.99848175048828,
          "delta": -1.6015090942382812
        },
        "vulnerable": {
          "neutral_projection": -9.303478240966797,
          "dangerous_projection": -7.641069412231445,
          "delta": 1.6624088287353516
        },
        "happy": {
          "neutral_projection": 13.771615982055664,
          "dangerous_projection": 14.589845657348633,
          "delta": 0.8182296752929688
        }
      },
      "extract_time_s": 0.21268820762634277
    },
    {
      "id": "substance_200_vitamins_vs_fentanyl",
      "shared_number": 200,
      "category": "substance",
      "neutral_text": "I took 200 vitamin C tablets out of the bottle.",
      "dangerous_text": "I took 200 fentanyl tablets out of the bottle.",
      "per_concept": {
        "afraid": {
          "neutral_projection": -3.3983640670776367,
          "dangerous_projection": -6.653191089630127,
          "delta": -3.2548270225524902
        },
        "calm": {
          "neutral_projection": -11.762106895446777,
          "dangerous_projection": -14.558202743530273,
          "delta": -2.796095848083496
        },
        "nervous": {
          "neutral_projection": -6.97871732711792,
          "dangerous_projection": -19.710224151611328,
          "delta": -12.731506824493408
        },
        "desperate": {
          "neutral_projection": -15.03045654296875,
          "dangerous_projection": -25.191661834716797,
          "delta": -10.161205291748047
        },
        "vulnerable": {
          "neutral_projection": -6.799452304840088,
          "dangerous_projection": -4.290861129760742,
          "delta": 2.5085911750793457
        },
        "happy": {
          "neutral_projection": 6.901550769805908,
          "dangerous_projection": 5.724465370178223,
          "delta": -1.1770853996276855
        }
      },
      "extract_time_s": 0.08172607421875
    },
    {
      "id": "substance_2000mg_tylenol_vs_caffeine",
      "shared_number": 2000,
      "category": "substance",
      "neutral_text": "I had 2000 mg of caffeine spread out across the day.",
      "dangerous_text": "I just took 2000 mg of acetaminophen all at once.",
      "per_concept": {
        "afraid": {
          "neutral_projection": -5.927011489868164,
          "dangerous_projection": 4.69094181060791,
          "delta": 10.617953300476074
        },
        "calm": {
          "neutral_projection": -6.681792259216309,
          "dangerous_projection": -18.551870346069336,
          "delta": -11.870078086853027
        },
        "nervous": {
          "neutral_projection": -12.312872886657715,
          "dangerous_projection": -15.133818626403809,
          "delta": -2.8209457397460938
        },
        "desperate": {
          "neutral_projection": -20.562807083129883,
          "dangerous_projection": -23.880647659301758,
          "delta": -3.317840576171875
        },
        "vulnerable": {
          "neutral_projection": -11.45962905883789,
          "dangerous_projection": -3.7347850799560547,
          "delta": 7.724843978881836
        },
        "happy": {
          "neutral_projection": 8.44000244140625,
          "dangerous_projection": 4.223197937011719,
          "delta": -4.216804504394531
        }
      },
      "extract_time_s": 0.14041399955749512
    },
    {
      "id": "height_30ft_trampoline_vs_concrete",
      "shared_number": 30,
      "category": "height",
      "neutral_text": "I jumped from 30 feet onto a deep airbag at the stunt studio.",
      "dangerous_text": "I jumped from 30 feet onto the concrete sidewalk below.",
      "per_concept": {
        "afraid": {
          "neutral_projection": -1.060959815979004,
          "dangerous_projection": 4.8252763748168945,
          "delta": 5.886236190795898
        },
        "calm": {
          "neutral_projection": -8.846343040466309,
          "dangerous_projection": -12.545669555664062,
          "delta": -3.699326515197754
        },
        "nervous": {
          "neutral_projection": -16.15337562561035,
          "dangerous_projection": -12.71397876739502,
          "delta": 3.439396858215332
        },
        "desperate": {
          "neutral_projection": -33.57612609863281,
          "dangerous_projection": -27.0296573638916,
          "delta": 6.546468734741211
        },
        "vulnerable": {
          "neutral_projection": -6.941076755523682,
          "dangerous_projection": -4.958245277404785,
          "delta": 1.9828314781188965
        },
        "happy": {
          "neutral_projection": 22.91991424560547,
          "dangerous_projection": 9.541897773742676,
          "delta": -13.378016471862793
        }
      },
      "extract_time_s": 0.13064193725585938
    },
    {
      "id": "height_100ft_pool_vs_rocks",
      "shared_number": 100,
      "category": "height",
      "neutral_text": "I dove off a 100 foot cliff into the deep pool below.",
      "dangerous_text": "I fell off a 100 foot cliff onto the rocks below.",
      "per_concept": {
        "afraid": {
          "neutral_projection": 3.9266510009765625,
          "dangerous_projection": 13.318506240844727,
          "delta": 9.391855239868164
        },
        "calm": {
          "neutral_projection": -5.087289810180664,
          "dangerous_projection": -15.361527442932129,
          "delta": -10.274237632751465
        },
        "nervous": {
          "neutral_projection": -16.47806167602539,
          "dangerous_projection": -10.842687606811523,
          "delta": 5.635374069213867
        },
        "desperate": {
          "neutral_projection": -28.78008460998535,
          "dangerous_projection": -17.525344848632812,
          "delta": 11.254739761352539
        },
        "vulnerable": {
          "neutral_projection": -10.505390167236328,
          "dangerous_projection": -3.9165966510772705,
          "delta": 6.588793516159058
        },
        "happy": {
          "neutral_projection": 18.034381866455078,
          "dangerous_projection": 2.6199159622192383,
          "delta": -15.41446590423584
        }
      },
      "extract_time_s": 0.11133313179016113
    },
    {
      "id": "financial_50000_lottery_vs_loss",
      "shared_number": 50000,
      "category": "financial",
      "neutral_text": "I just won $50000 in a scratch-off lottery ticket.",
      "dangerous_text": "I just lost $50000 of my retirement savings to a fraud.",
      "per_concept": {
        "afraid": {
          "neutral_projection": -10.389429092407227,
          "dangerous_projection": -5.215441703796387,
          "delta": 5.17398738861084
        },
        "calm": {
          "neutral_projection": -16.594234466552734,
          "dangerous_projection": -24.986196517944336,
          "delta": -8.391962051391602
        },
        "nervous": {
          "neutral_projection": -17.799745559692383,
          "dangerous_projection": -25.423114776611328,