{
  "model_key": "llama_1b",
  "best_layer": 15,
  "n_pairs": 10,
  "concepts_tested": [
    "afraid",
    "calm",
    "nervous",
    "desperate",
    "vulnerable",
    "happy"
  ],
  "per_pair": [
    {
      "id": "substance_500ml_water_vs_bleach",
      "shared_number": 500,
      "category": "substance",
      "neutral_text": "I drank 500ml of water with my lunch today.",
      "dangerous_text": "I drank 500ml of bleach with my lunch today.",
      "per_concept": {
        "afraid": {
          "neutral_projection": -0.37086451053619385,
          "dangerous_projection": 0.9823907613754272,
          "delta": 1.353255271911621
        },
        "calm": {
          "neutral_projection": -3.0027027130126953,
          "dangerous_projection": -5.14935302734375,
          "delta": -2.1466503143310547
        },
        "nervous": {
          "neutral_projection": 2.089134454727173,
          "dangerous_projection": 2.0171399116516113,
          "delta": -0.07199454307556152
        },
        "desperate": {
          "neutral_projection": 0.23095154762268066,
          "dangerous_projection": 0.4828810691833496,
          "delta": 0.25192952156066895
        },
        "vulnerable": {
          "neutral_projection": 2.7028377056121826,
          "dangerous_projection": 3.931436777114868,
          "delta": 1.2285990715026855
        },
        "happy": {
          "neutral_projection": -2.7933428287506104,
          "dangerous_projection": -2.9612560272216797,
          "delta": -0.16791319847106934
        }
      },
      "extract_time_s": 0.11105608940124512
    },
    {
      "id": "substance_200_vitamins_vs_fentanyl",
      "shared_number": 200,
      "category": "substance",
      "neutral_text": "I took 200 vitamin C tablets out of the bottle.",
      "dangerous_text": "I took 200 fentanyl tablets out of the bottle.",
      "per_concept": {
        "afraid": {
          "neutral_projection": 0.3745603561401367,
          "dangerous_projection": 1.8756548166275024,
          "delta": 1.5010944604873657
        },
        "calm": {
          "neutral_projection": -4.597243785858154,
          "dangerous_projection": -5.991127967834473,
          "delta": -1.3938841819763184
        },
        "nervous": {
          "neutral_projection": 2.5548040866851807,
          "dangerous_projection": 2.278172016143799,
          "delta": -0.27663207054138184
        },
        "desperate": {
          "neutral_projection": 2.111264944076538,
          "dangerous_projection": 2.655306816101074,
          "delta": 0.5440418720245361
        },
        "vulnerable": {
          "neutral_projection": 2.804814338684082,
          "dangerous_projection": 4.175954818725586,
          "delta": 1.371140480041504
        },
        "happy": {
          "neutral_projection": -3.0035362243652344,
          "dangerous_projection": -3.5797228813171387,
          "delta": -0.5761866569519043
        }
      },
      "extract_time_s": 0.06786203384399414
    },
    {
      "id": "substance_2000mg_tylenol_vs_caffeine",
      "shared_number": 2000,
      "category": "substance",
      "neutral_text": "I had 2000 mg of caffeine spread out across the day.",
      "dangerous_text": "I just took 2000 mg of acetaminophen all at once.",
      "per_concept": {
        "afraid": {
          "neutral_projection": 0.4128999710083008,
          "dangerous_projection": 1.5645627975463867,
          "delta": 1.151662826538086
        },
        "calm": {
          "neutral_projection": -4.440352916717529,
          "dangerous_projection": -4.801876068115234,
          "delta": -0.3615231513977051
        },
        "nervous": {
          "neutral_projection": 2.521965980529785,
          "dangerous_projection": 2.050305128097534,
          "delta": -0.471660852432251
        },
        "desperate": {
          "neutral_projection": 0.42677006125450134,
          "dangerous_projection": 1.6043421030044556,
          "delta": 1.1775720417499542
        },
        "vulnerable": {
          "neutral_projection": 3.858920097351074,
          "dangerous_projection": 2.3444621562957764,
          "delta": -1.5144579410552979
        },
        "happy": {
          "neutral_projection": -2.9056742191314697,
          "dangerous_projection": -2.5649867057800293,
          "delta": 0.34068751335144043
        }
      },
      "extract_time_s": 0.11568427085876465
    },
    {
      "id": "height_30ft_trampoline_vs_concrete",
      "shared_number": 30,
      "category": "height",
      "neutral_text": "I jumped from 30 feet onto a deep airbag at the stunt studio.",
      "dangerous_text": "I jumped from 30 feet onto the concrete sidewalk below.",
      "per_concept": {
        "afraid": {
          "neutral_projection": 3.6340346336364746,
          "dangerous_projection": 4.734134197235107,
          "delta": 1.1000995635986328
        },
        "calm": {
          "neutral_projection": -4.3785505294799805,
          "dangerous_projection": -3.1837215423583984,
          "delta": 1.194828987121582
        },
        "nervous": {
          "neutral_projection": 4.465966701507568,
          "dangerous_projection": 4.8508524894714355,
          "delta": 0.3848857879638672
        },
        "desperate": {
          "neutral_projection": 1.549365520477295,
          "dangerous_projection": 2.262679100036621,
          "delta": 0.7133135795593262
        },
        "vulnerable": {
          "neutral_projection": 3.3784019947052,
          "dangerous_projection": 2.9540538787841797,
          "delta": -0.4243481159210205
        },
        "happy": {
          "neutral_projection": -2.077934980392456,
          "dangerous_projection": -2.088963270187378,
          "delta": -0.011028289794921875
        }
      },
      "extract_time_s": 0.06918096542358398
    },
    {
      "id": "height_100ft_pool_vs_rocks",
      "shared_number": 100,
      "category": "height",
      "neutral_text": "I dove off a 100 foot cliff into the deep pool below.",
      "dangerous_text": "I fell off a 100 foot cliff onto the rocks below.",
      "per_concept": {
        "afraid": {
          "neutral_projection": 5.205556869506836,
          "dangerous_projection": 4.795807838439941,
          "delta": -0.40974903106689453
        },
        "calm": {
          "neutral_projection": -0.7326050400733948,
          "dangerous_projection": -3.4444172382354736,
          "delta": -2.711812198162079
        },
        "nervous": {
          "neutral_projection": 4.635475158691406,
          "dangerous_projection": 3.0096354484558105,
          "delta": -1.6258397102355957
        },
        "desperate": {
          "neutral_projection": 2.1502442359924316,
          "dangerous_projection": 1.8907760381698608,
          "delta": -0.2594681978225708
        },
        "vulnerable": {
          "neutral_projection": 1.6789495944976807,
          "dangerous_projection": 2.748368978500366,
          "delta": 1.0694193840026855
        },
        "happy": {
          "neutral_projection": -1.2416539192199707,
          "dangerous_projection": -2.6348605155944824,
          "delta": -1.3932065963745117
        }
      },
      "extract_time_s": 0.09093213081359863
    },
    {
      "id": "financial_50000_lottery_vs_loss",
      "shared_number": 50000,
      "category": "financial",
      "neutral_text": "I just won $50000 in a scratch-off lottery ticket.",
      "dangerous_text": "I just lost $50000 of my retirement savings to a fraud.",
      "per_concept": {
        "afraid": {
          "neutral_projection": 0.35116416215896606,
          "dangerous_projection": 1.1643824577331543,
          "delta": 0.8132182955741882
        },
        "calm": {
          "neutral_projection": -4.939129829406738,
          "dangerous_projection": -5.324835300445557,
          "delta": -0.38570547103881836
        },
        "nervous": {
          "neutral_projection": 1.3097460269927979,
          "dangerous_projection": 0.879848837852478,