{
  "claim_id": "emotion_probe_classification",
  "model_key": "qwen_1_5b",
  "paper_id": "emotions",
  "metrics": {
    "probe_accuracy": 0.7306666666666667,
    "best_layer": 24,
    "per_layer_accuracy": {
      "0": 0.33866666666666667,
      "1": 0.30933333333333335,
      "2": 0.38666666666666666,
      "3": 0.42400000000000004,
      "4": 0.40533333333333327,
      "5": 0.3946666666666667,
      "6": 0.4133333333333334,
      "7": 0.4720000000000001,
      "8": 0.49333333333333335,
      "9": 0.5173333333333334,
      "10": 0.576,
      "11": 0.6240000000000001,
      "12": 0.6266666666666667,
      "13": 0.6373333333333333,
      "14": 0.608,
      "15": 0.6719999999999999,
      "16": 0.6906666666666668,
      "17": 0.6906666666666667,
      "18": 0.7146666666666667,
      "19": 0.6719999999999999,
      "20": 0.72,
      "21": 0.7146666666666667,
      "22": 0.7253333333333334,
      "23": 0.7013333333333334,
      "24": 0.7306666666666667,
      "25": 0.72,
      "26": 0.7200000000000001,
      "27": 0.7146666666666667
    },
    "per_concept_accuracy": {
      "afraid": 0.68,
      "angry": 0.8,
      "blissful": 0.72,
      "calm": 0.84,
      "desperate": 0.64,
      "enthusiastic": 0.88,
      "guilty": 0.76,
      "happy": 0.48,
      "hostile": 0.92,
      "loving": 0.52,
      "nervous": 0.64,
      "proud": 0.84,
      "sad": 0.6,
      "stubborn": 0.88,
      "vulnerable": 0.76
    },
    "confusion_matrix": [
      [
        17,
        0,
        0,
        0,
        3,
        0,
        0,
        0,
        0,
        0,
        3,
        0,
        1,
        1,
        0
      ],
      [
        1,
        20,
        0,
        0,
        0,
        1,
        1,
        0,
        0,
        0,
        1,
        0,
        1,
        0,
        0
      ],
      [
        0,
        0,
        18,
        3,
        0,
        0,
        0,
        2,
        0,
        2,
        0,
        0,
        0,
        0,
        0
      ],
      [
        0,
        0,
        4,
        21,
        0,
        0,
        0,
        0,
        0,
        0,
        0,
        0,
        0,
        0,
        0
      ],
      [
        5,
        0,
        0,
        0,
        16,
        0,
        1,
        0,
        1,
        0,
        1,
        0,
        0,
        1,
        0
      ],
      [
        0,
        0,
        0,
        0,
        0,
        22,
        0,
        2,
        0,
        0,
        0,
        0,
        0,
        1,
        0
      ],
      [
        0,
        2,
        0,
        0,
        1,
        0,
        19,
        0,
        0,
        0,
        0,
        0,
        1,
        1,
        1
      ],
      [
        0,
        0,
        1,
        2,
        0,
        2,
        0,
        12,
        0,
        3,
        0,
        4,
        0,
        0,
        1
      ],
      [
        0,
        0,
        0,
        0,
        0,
        0,
        0,
        0,
        23,
        0,
        0,
        0,
        0,
        2,
        0
      ],
      [
        0,
        0,
        0,
        1,
        0,
        0,
        1,
        3,
        0,
        13,
        0,
        1,
        6,
        0,
        0
      ],
      [
        1,
        1,
        0,
        0,
        2,
        0,
        0,
        0,
        1,
        0,
        16,
        0,
        3,
        0,
        1
      ],
      [
        0,
        0,
        0,
        0,
        0,
        1,
        0,
        1,
        0,
        1,
        0,
        21,
        0,
        0,
        1
      ],
      [
        0,
        0,
        0,
        0,
        1,
        0,
        2,
        1,
        0,
        4,
        1,
        0,
        15,
        0,
        1
      ],
      [
        0,
        1,
        0,
        0,
        1,
        1,
        0,
        0,
        0,
        0,
        0,
        0,
        0,
        22,
        0
      ],
      [
        0,
        1,
        0,
        0,
        1,
        0,
        0,
        0,
        0,
        0,
        2,
        1,
        1,
        0,
        19
      ]
    ],
    "n_concepts": 15,
    "n_stimuli_total": 375,
    "chance_level": 0.06666666666666667
  },
  "success": true,
  "metadata": {
    "probe_type": "logistic_regression",
    "aggregation": "last_token",
    "n_folds": 5,
    "layers_scanned": [
      0,
      1,
      2,
      3,
      4,
      5,
      6,
      7,
      8,
      9,
      10,
      11,
      12,
      13,
      14,
      15,
      16,
      17,
      18,
      19,
      20,
      21,
      22,
      23,
      24,
      25,
      26,
      27
    ],
    "seed": 42
  }
}