{
  "model_key": "llama_8b",
  "best_layer": 28,
  "n_pairs": 10,
  "concepts_tested": [
    "afraid",
    "calm",
    "nervous",
    "desperate",
    "vulnerable",
    "happy"
  ],
  "per_pair": [
    {
      "id": "substance_500ml_water_vs_bleach",
      "shared_number": 500,
      "category": "substance",
      "neutral_text": "I drank 500ml of water with my lunch today.",
      "dangerous_text": "I drank 500ml of bleach with my lunch today.",
      "per_concept": {
        "afraid": {
          "neutral_projection": -3.4734015464782715,
          "dangerous_projection": 1.5971174240112305,
          "delta": 5.070518970489502
        },
        "calm": {
          "neutral_projection": -0.3120436668395996,
          "dangerous_projection": -2.8764147758483887,
          "delta": -2.564371109008789
        },
        "nervous": {
          "neutral_projection": -2.1018645763397217,
          "dangerous_projection": -0.17831915616989136,
          "delta": 1.9235454201698303
        },
        "desperate": {
          "neutral_projection": -4.605605125427246,
          "dangerous_projection": -1.1549257040023804,
          "delta": 3.4506794214248657
        },
        "vulnerable": {
          "neutral_projection": 2.719738721847534,
          "dangerous_projection": 2.515721321105957,
          "delta": -0.20401740074157715
        },
        "happy": {
          "neutral_projection": 0.5545699596405029,
          "dangerous_projection": -2.6041808128356934,
          "delta": -3.1587507724761963
        }
      },
      "extract_time_s": 0.3541147708892822
    },
    {
      "id": "substance_200_vitamins_vs_fentanyl",
      "shared_number": 200,
      "category": "substance",
      "neutral_text": "I took 200 vitamin C tablets out of the bottle.",
      "dangerous_text": "I took 200 fentanyl tablets out of the bottle.",
      "per_concept": {
        "afraid": {
          "neutral_projection": -1.0325727462768555,
          "dangerous_projection": -0.11640745401382446,
          "delta": 0.916165292263031
        },
        "calm": {
          "neutral_projection": -0.69303959608078,
          "dangerous_projection": -1.650247573852539,
          "delta": -0.957207977771759
        },
        "nervous": {
          "neutral_projection": -1.0844478607177734,
          "dangerous_projection": -1.2327779531478882,
          "delta": -0.14833009243011475
        },
        "desperate": {
          "neutral_projection": -0.7289739847183228,
          "dangerous_projection": -0.07904362678527832,
          "delta": 0.6499303579330444
        },
        "vulnerable": {
          "neutral_projection": 1.5920610427856445,
          "dangerous_projection": 1.8587260246276855,
          "delta": 0.266664981842041
        },
        "happy": {
          "neutral_projection": -2.469987154006958,
          "dangerous_projection": -2.7092809677124023,
          "delta": -0.23929381370544434
        }
      },
      "extract_time_s": 0.13979196548461914
    },
    {
      "id": "substance_2000mg_tylenol_vs_caffeine",
      "shared_number": 2000,
      "category": "substance",
      "neutral_text": "I had 2000 mg of caffeine spread out across the day.",
      "dangerous_text": "I just took 2000 mg of acetaminophen all at once.",
      "per_concept": {
        "afraid": {
          "neutral_projection": -1.7949270009994507,
          "dangerous_projection": 2.161813974380493,
          "delta": 3.956740975379944
        },
        "calm": {
          "neutral_projection": -0.9955156445503235,
          "dangerous_projection": -2.498227596282959,
          "delta": -1.5027119517326355
        },
        "nervous": {
          "neutral_projection": -0.897718071937561,
          "dangerous_projection": 0.5618152022361755,
          "delta": 1.4595332741737366
        },
        "desperate": {
          "neutral_projection": -3.570904016494751,
          "dangerous_projection": -0.10773175954818726,
          "delta": 3.4631722569465637
        },
        "vulnerable": {
          "neutral_projection": 2.945465087890625,
          "dangerous_projection": 2.1302309036254883,
          "delta": -0.8152341842651367
        },
        "happy": {
          "neutral_projection": -1.1731241941452026,
          "dangerous_projection": -3.1038365364074707,
          "delta": -1.930712342262268
        }
      },
      "extract_time_s": 0.14319920539855957
    },
    {
      "id": "height_30ft_trampoline_vs_concrete",
      "shared_number": 30,
      "category": "height",
      "neutral_text": "I jumped from 30 feet onto a deep airbag at the stunt studio.",
      "dangerous_text": "I jumped from 30 feet onto the concrete sidewalk below.",
      "per_concept": {
        "afraid": {
          "neutral_projection": 1.7302521467208862,
          "dangerous_projection": 4.14860200881958,
          "delta": 2.418349862098694
        },
        "calm": {
          "neutral_projection": -0.47871387004852295,
          "dangerous_projection": -0.4541853070259094,
          "delta": 0.024528563022613525
        },
        "nervous": {
          "neutral_projection": 0.2221246361732483,
          "dangerous_projection": 1.4443614482879639,
          "delta": 1.2222368121147156
        },
        "desperate": {
          "neutral_projection": -3.631723403930664,
          "dangerous_projection": -0.11063632369041443,
          "delta": 3.5210870802402496
        },
        "vulnerable": {
          "neutral_projection": 3.5803916454315186,
          "dangerous_projection": 2.882371425628662,
          "delta": -0.6980202198028564
        },
        "happy": {
          "neutral_projection": 1.482143521308899,
          "dangerous_projection": -1.4162201881408691,
          "delta": -2.898363709449768
        }
      },
      "extract_time_s": 0.1434626579284668
    },
    {
      "id": "height_100ft_pool_vs_rocks",
      "shared_number": 100,
      "category": "height",
      "neutral_text": "I dove off a 100 foot cliff into the deep pool below.",
      "dangerous_text": "I fell off a 100 foot cliff onto the rocks below.",
      "per_concept": {
        "afraid": {
          "neutral_projection": 4.281797885894775,
          "dangerous_projection": 3.6651322841644287,
          "delta": -0.6166656017303467
        },
        "calm": {
          "neutral_projection": 1.3599097728729248,
          "dangerous_projection": -2.0443058013916016,
          "delta": -3.4042155742645264
        },
        "nervous": {
          "neutral_projection": 1.2038624286651611,
          "dangerous_projection": -1.174431562423706,
          "delta": -2.378293991088867
        },
        "desperate": {
          "neutral_projection": -2.231382369995117,
          "dangerous_projection": -0.35009339451789856,
          "delta": 1.8812889754772186
        },
        "vulnerable": {
          "neutral_projection": 3.0404748916625977,
          "dangerous_projection": 3.004307746887207,
          "delta": -0.036167144775390625
        },
        "happy": {
          "neutral_projection": 0.6585819721221924,
          "dangerous_projection": -1.4822496175765991,
          "delta": -2.1408315896987915
        }
      },
      "extract_time_s": 0.14110898971557617
    },
    {
      "id": "financial_50000_lottery_vs_loss",
      "shared_number": 50000,
      "category": "financial",
      "neutral_text": "I just won $50000 in a scratch-off lottery ticket.",
      "dangerous_text": "I just lost $50000 of my retirement savings to a fraud.",
      "per_concept": {
        "afraid": {
          "neutral_projection": -1.8046785593032837,
          "dangerous_projection": -0.21510806679725647,
          "delta": 1.5895704925060272
        },
        "calm": {
          "neutral_projection": -1.5848007202148438,
          "dangerous_projection": -2.731670379638672,
          "delta": -1.1468696594238281
        },
        "nervous": {
          "neutral_projection": -2.578049659729004,