{
  "claim_id": "emotion_probe_classification",
  "model_key": "llama_1b",
  "paper_id": "emotions",
  "metrics": {
    "probe_accuracy": 0.7733333333333332,
    "best_layer": 15,
    "per_layer_accuracy": {
      "0": 0.1973333333333333,
      "1": 0.22666666666666666,
      "2": 0.34400000000000003,
      "3": 0.49866666666666665,
      "4": 0.5493333333333333,
      "5": 0.5733333333333334,
      "6": 0.6186666666666667,
      "7": 0.648,
      "8": 0.736,
      "9": 0.736,
      "10": 0.7253333333333334,
      "11": 0.736,
      "12": 0.7466666666666666,
      "13": 0.7653333333333332,
      "14": 0.7706666666666667,
      "15": 0.7733333333333332
    },
    "per_concept_accuracy": {
      "afraid": 0.84,
      "angry": 0.8,
      "blissful": 0.72,
      "calm": 0.88,
      "desperate": 0.64,
      "enthusiastic": 0.96,
      "guilty": 0.72,
      "happy": 0.36,
      "hostile": 0.96,
      "loving": 0.72,
      "nervous": 0.88,
      "proud": 0.76,
      "sad": 0.72,
      "stubborn": 0.84,
      "vulnerable": 0.8
    },
    "confusion_matrix": [
      [
        21,
        1,
        0,
        0,
        2,
        0,
        0,
        0,
        0,
        0,
        1,
        0,
        0,
        0,
        0
      ],
      [
        1,
        20,
        0,
        0,
        1,
        1,
        0,
        0,
        1,
        0,
        1,
        0,
        0,
        0,
        0
      ],
      [
        0,
        0,
        18,
        4,
        0,
        0,
        0,
        1,
        0,
        2,
        0,
        0,
        0,
        0,
        0
      ],
      [
        0,
        0,
        3,
        22,
        0,
        0,
        0,
        0,
        0,
        0,
        0,
        0,
        0,
        0,
        0
      ],
      [
        6,
        1,
        0,
        0,
        16,
        0,
        1,
        0,
        0,
        0,
        0,
        0,
        0,
        0,
        1
      ],
      [
        0,
        0,
        1,
        0,
        0,
        24,
        0,
        0,
        0,
        0,
        0,
        0,
        0,
        0,
        0
      ],
      [
        0,
        0,
        0,
        0,
        0,
        0,
        18,
        0,
        0,
        0,
        0,
        0,
        5,
        1,
        1
      ],
      [
        0,
        0,
        1,
        2,
        0,
        1,
        0,
        9,
        0,
        3,
        0,
        7,
        1,
        0,
        1
      ],
      [
        0,
        0,
        0,
        0,
        0,
        0,
        0,
        0,
        24,
        0,
        0,
        0,
        0,
        1,
        0
      ],
      [
        0,
        1,
        0,
        0,
        0,
        0,
        1,
        3,
        0,
        18,
        0,
        1,
        1,
        0,
        0
      ],
      [
        0,
        0,
        0,
        0,
        1,
        0,
        0,
        0,
        1,
        0,
        22,
        0,
        0,
        0,
        1
      ],
      [
        0,
        0,
        0,
        0,
        0,
        0,
        0,
        4,
        0,
        1,
        0,
        19,
        0,
        1,
        0
      ],
      [
        0,
        0,
        0,
        0,
        1,
        0,
        3,
        0,
        0,
        3,
        0,
        0,
        18,
        0,
        0
      ],
      [
        1,
        1,
        0,
        0,
        0,
        1,
        0,
        0,
        0,
        0,
        0,
        1,
        0,
        21,
        0
      ],
      [
        0,
        0,
        0,
        0,
        0,
        0,
        0,
        0,
        0,
        1,
        2,
        0,
        2,
        0,
        20
      ]
    ],
    "n_concepts": 15,
    "n_stimuli_total": 375,
    "chance_level": 0.06666666666666667
  },
  "success": true,
  "metadata": {
    "probe_type": "logistic_regression",
    "aggregation": "last_token",
    "n_folds": 5,
    "layers_scanned": [
      0,
      1,
      2,
      3,
      4,
      5,
      6,
      7,
      8,
      9,
      10,
      11,
      12,
      13,
      14,
      15
    ],
    "seed": 42
  }
}