{
  "claim_id": "emotion_probe_classification",
  "model_key": "gemma_9b",
  "paper_id": "emotions",
  "metrics": {
    "probe_accuracy": 0.8399999999999999,
    "best_layer": 41,
    "per_layer_accuracy": {
      "0": 0.2533333333333333,
      "5": 0.4,
      "10": 0.608,
      "15": 0.7013333333333335,
      "20": 0.7946666666666667,
      "25": 0.8186666666666665,
      "30": 0.8160000000000001,
      "35": 0.808,
      "40": 0.8373333333333333,
      "41": 0.8399999999999999
    },
    "per_concept_accuracy": {
      "afraid": 0.8,
      "angry": 0.96,
      "blissful": 0.72,
      "calm": 0.88,
      "desperate": 0.72,
      "enthusiastic": 0.96,
      "guilty": 0.92,
      "happy": 0.52,
      "hostile": 0.92,
      "loving": 0.84,
      "nervous": 0.84,
      "proud": 0.88,
      "sad": 0.92,
      "stubborn": 0.84,
      "vulnerable": 0.88
    },
    "confusion_matrix": [
      [
        20,
        0,
        0,
        0,
        4,
        0,
        0,
        0,
        0,
        0,
        1,
        0,
        0,
        0,
        0
      ],
      [
        0,
        24,
        0,
        0,
        0,
        1,
        0,
        0,
        0,
        0,
        0,
        0,
        0,
        0,
        0
      ],
      [
        0,
        0,
        18,
        3,
        0,
        0,
        0,
        3,
        0,
        1,
        0,
        0,
        0,
        0,
        0
      ],
      [
        0,
        0,
        3,
        22,
        0,
        0,
        0,
        0,
        0,
        0,
        0,
        0,
        0,
        0,
        0
      ],
      [
        3,
        0,
        0,
        0,
        18,
        0,
        1,
        0,
        0,
        0,
        0,
        0,
        1,
        1,
        1
      ],
      [
        0,
        0,
        0,
        0,
        0,
        24,
        0,
        0,
        0,
        0,
        0,
        1,
        0,
        0,
        0
      ],
      [
        0,
        0,
        0,
        0,
        0,
        0,
        23,
        0,
        0,
        0,
        0,
        0,
        1,
        1,
        0
      ],
      [
        0,
        0,
        1,
        1,
        0,
        1,
        0,
        13,
        0,
        3,
        0,
        6,
        0,
        0,
        0
      ],
      [
        0,
        1,
        0,
        0,
        0,
        0,
        0,
        0,
        23,
        0,
        0,
        0,
        1,
        0,
        0
      ],
      [
        0,
        0,
        1,
        0,
        0,
        0,
        1,
        1,
        0,
        21,
        0,
        0,
        0,
        0,
        1
      ],
      [
        2,
        0,
        0,
        0,
        1,
        0,
        0,
        0,
        0,
        0,
        21,
        0,
        1,
        0,
        0
      ],
      [
        0,
        0,
        0,
        0,
        0,
        0,
        0,
        2,
        0,
        1,
        0,
        22,
        0,
        0,
        0
      ],
      [
        0,
        0,
        0,
        0,
        0,
        0,
        0,
        0,
        0,
        2,
        0,
        0,
        23,
        0,
        0
      ],
      [
        0,
        1,
        0,
        0,
        0,
        0,
        0,
        0,
        0,
        1,
        0,
        1,
        0,
        21,
        1
      ],
      [
        0,
        0,
        0,
        0,
        0,
        0,
        1,
        0,
        0,
        0,
        1,
        0,
        1,
        0,
        22
      ]
    ],
    "n_concepts": 15,
    "n_stimuli_total": 375,
    "chance_level": 0.06666666666666667
  },
  "success": true,
  "metadata": {
    "probe_type": "logistic_regression",
    "aggregation": "last_token",
    "n_folds": 5,
    "layers_scanned": [
      0,
      5,
      10,
      15,
      20,
      25,
      30,
      35,
      40,
      41
    ],
    "seed": 42
  }
}