{
  "claim_id": "emotion_probe_classification",
  "model_key": "gemma_2b",
  "paper_id": "emotions",
  "metrics": {
    "probe_accuracy": 0.7759999999999999,
    "best_layer": 24,
    "per_layer_accuracy": {
      "0": 0.30933333333333335,
      "1": 0.43999999999999995,
      "2": 0.4613333333333333,
      "3": 0.37333333333333335,
      "4": 0.37333333333333335,
      "5": 0.4106666666666666,
      "6": 0.48,
      "7": 0.5893333333333334,
      "8": 0.616,
      "9": 0.6426666666666667,
      "10": 0.6213333333333333,
      "11": 0.6426666666666667,
      "12": 0.64,
      "13": 0.7066666666666667,
      "14": 0.7146666666666667,
      "15": 0.6853333333333332,
      "16": 0.7573333333333333,
      "17": 0.7413333333333333,
      "18": 0.728,
      "19": 0.7146666666666667,
      "20": 0.7093333333333333,
      "21": 0.7333333333333334,
      "22": 0.752,
      "23": 0.7653333333333332,
      "24": 0.7759999999999999,
      "25": 0.7733333333333332
    },
    "per_concept_accuracy": {
      "afraid": 0.76,
      "angry": 0.88,
      "blissful": 0.72,
      "calm": 0.8,
      "desperate": 0.6,
      "enthusiastic": 0.88,
      "guilty": 0.8,
      "happy": 0.36,
      "hostile": 0.96,
      "loving": 0.88,
      "nervous": 0.8,
      "proud": 0.8,
      "sad": 0.72,
      "stubborn": 0.88,
      "vulnerable": 0.8
    },
    "confusion_matrix": [
      [
        19,
        0,
        0,
        0,
        2,
        0,
        1,
        0,
        0,
        0,
        2,
        0,
        1,
        0,
        0
      ],
      [
        0,
        22,
        0,
        0,
        2,
        1,
        0,
        0,
        0,
        0,
        0,
        0,
        0,
        0,
        0
      ],
      [
        0,
        0,
        18,
        4,
        0,
        0,
        0,
        2,
        0,
        1,
        0,
        0,
        0,
        0,
        0
      ],
      [
        0,
        0,
        4,
        20,
        0,
        0,
        0,
        0,
        0,
        0,
        1,
        0,
        0,
        0,
        0
      ],
      [
        4,
        0,
        0,
        0,
        15,
        0,
        1,
        0,
        1,
        0,
        1,
        0,
        2,
        1,
        0
      ],
      [
        0,
        0,
        0,
        0,
        0,
        22,
        0,
        0,
        0,
        0,
        0,
        1,
        0,
        2,
        0
      ],
      [
        0,
        0,
        0,
        0,
        1,
        0,
        20,
        0,
        0,
        0,
        0,
        0,
        3,
        1,
        0
      ],
      [
        0,
        0,
        1,
        2,
        0,
        3,
        0,
        9,
        0,
        3,
        0,
        6,
        1,
        0,
        0
      ],
      [
        0,
        0,
        0,
        0,
        0,
        0,
        0,
        0,
        24,
        0,
        0,
        0,
        0,
        1,
        0
      ],
      [
        0,
        0,
        1,
        0,
        0,
        0,
        0,
        1,
        0,
        22,
        0,
        0,
        1,
        0,
        0
      ],
      [
        1,
        0,
        0,
        0,
        3,
        0,
        0,
        0,
        1,
        0,
        20,
        0,
        0,
        0,
        0
      ],
      [
        0,
        0,
        0,
        0,
        0,
        0,
        0,
        5,
        0,
        0,
        0,
        20,
        0,
        0,
        0
      ],
      [
        1,
        0,
        0,
        0,
        0,
        0,
        2,
        1,
        0,
        2,
        0,
        0,
        18,
        1,
        0
      ],
      [
        0,
        1,
        0,
        0,
        1,
        0,
        0,
        0,
        0,
        1,
        0,
        0,
        0,
        22,
        0
      ],
      [
        0,
        0,
        0,
        0,
        0,
        0,
        1,
        1,
        0,
        0,
        2,
        0,
        1,
        0,
        20
      ]
    ],
    "n_concepts": 15,
    "n_stimuli_total": 375,
    "chance_level": 0.06666666666666667
  },
  "success": true,
  "metadata": {
    "probe_type": "logistic_regression",
    "aggregation": "last_token",
    "n_folds": 5,
    "layers_scanned": [
      0,
      1,
      2,
      3,
      4,
      5,
      6,
      7,
      8,
      9,
      10,
      11,
      12,
      13,
      14,
      15,
      16,
      17,
      18,
      19,
      20,
      21,
      22,
      23,
      24,
      25
    ],
    "seed": 42
  }
}