{
  "word_tfidf": {
    "feature_type": "word_tfidf",
    "mean_accuracy": 0.368,
    "std_accuracy": 0.06344201201797504,
    "fold_accuracies": [
      0.32,
      0.3466666666666667,
      0.3333333333333333,
      0.49333333333333335,
      0.3466666666666667
    ],
    "n_stimuli": 375,
    "n_concepts": 15,
    "concepts": [
      "afraid",
      "angry",
      "blissful",
      "calm",
      "desperate",
      "enthusiastic",
      "guilty",
      "happy",
      "hostile",
      "loving",
      "nervous",
      "proud",
      "sad",
      "stubborn",
      "vulnerable"
    ],
    "per_concept_accuracy": {
      "afraid": 0.36,
      "angry": 0.2,
      "blissful": 0.44,
      "calm": 0.32,
      "desperate": 0.32,
      "enthusiastic": 0.48,
      "guilty": 0.44,
      "happy": 0.04,
      "hostile": 0.76,
      "loving": 0.28,
      "nervous": 0.32,
      "proud": 0.2,
      "sad": 0.16,
      "stubborn": 0.76,
      "vulnerable": 0.44
    },
    "confusion_matrix": [
      [
        9,
        0,
        1,
        3,
        2,
        0,
        1,
        0,
        1,
        0,
        6,
        1,
        1,
        0,
        0
      ],
      [
        0,
        5,
        1,
        2,
        3,
        0,
        3,
        0,
        3,
        1,
        2,
        1,
        2,
        1,
        1
      ],
      [
        0,
        0,
        11,
        10,
        0,
        0,
        0,
        0,
        0,
        3,
        0,
        0,
        0,
        0,
        1
      ],
      [
        0,
        0,
        12,
        8,
        1,
        2,
        0,
        0,
        0,
        0,
        0,
        1,
        0,
        0,
        1
      ],
      [
        2,
        2,
        2,
        1,
        8,
        0,
        1,
        0,
        2,
        0,
        2,
        2,
        2,
        1,
        0
      ],
      [
        0,
        0,
        0,
        0,
        0,
        12,
        0,
        1,
        1,
        0,
        0,
        2,
        0,
        7,
        2
      ],
      [
        0,
        0,
        0,
        0,
        1,
        1,
        11,
        0,
        2,
        5,
        1,
        0,
        1,
        2,
        1
      ],
      [
        1,
        0,
        5,
        2,
        1,
        1,
        0,
        1,
        1,
        4,
        0,
        4,
        3,
        0,
        2
      ],
      [
        0,
        0,
        0,
        0,
        0,
        0,
        3,
        0,
        19,
        1,
        0,
        1,
        0,
        0,
        1
      ],
      [
        0,
        1,
        1,
        0,
        1,
        0,
        4,
        1,
        9,
        7,
        0,
        0,
        0,
        1,
        0
      ],
      [
        5,
        0,
        0,
        0,
        2,
        3,
        2,
        0,
        0,
        0,
        8,
        1,
        1,
        0,
        3
      ],
      [
        0,
        0,
        0,
        1,
        0,
        3,
        1,
        3,
        2,
        3,
        2,
        5,
        0,
        2,
        3
      ],
      [
        0,
        1,
        0,
        1,
        1,
        1,
        2,
        1,
        2,
        7,
        2,
        2,
        4,
        0,
        1
      ],
      [
        1,
        0,
        0,
        1,
        0,
        2,
        1,
        0,
        0,
        1,
        0,
        0,
        0,
        19,
        0
      ],
      [
        0,
        0,
        2,
        0,
        1,
        1,
        2,
        0,
        3,
        2,
        2,
        1,
        0,
        0,
        11
      ]
    ],
    "n_folds": 5,
    "seed": 42
  },
  "char_tfidf": {
    "feature_type": "char_tfidf",
    "mean_accuracy": 0.352,
    "std_accuracy": 0.02166410241236257,
    "fold_accuracies": [
      0.32,
      0.37333333333333335,
      0.3333333333333333,
      0.37333333333333335,
      0.36
    ],
    "n_stimuli": 375,
    "n_concepts": 15,
    "concepts": [
      "afraid",
      "angry",
      "blissful",
      "calm",
      "desperate",
      "enthusiastic",
      "guilty",
      "happy",
      "hostile",
      "loving",
      "nervous",
      "proud",
      "sad",
      "stubborn",
      "vulnerable"
    ],
    "per_concept_accuracy": {
      "afraid": 0.56,
      "angry": 0.28,
      "blissful": 0.36,
      "calm": 0.2,
      "desperate": 0.28,
      "enthusiastic": 0.64,
      "guilty": 0.32,
      "happy": 0.08,
      "hostile": 0.8,
      "loving": 0.36,
      "nervous": 0.32,
      "proud": 0.2,
      "sad": 0.16,
      "stubborn": 0.48,
      "vulnerable": 0.24
    },
    "confusion_matrix": [
      [
        14,
        1,
        3,
        0,
        0,
        1,
        0,
        0,
        1,
        0,
        2,
        0,
        2,
        1,
        0
      ],
      [
        1,
        7,
        0,
        0,
        3,
        3,
        4,
        0,
        0,
        1,
        1,
        2,
        0,
        2,
        1
      ],
      [
        0,
        0,
        9,
        13,
        0,
        0,
        0,
        0,
        0,
        1,
        0,
        0,
        1,
        0,
        1
      ],
      [
        0,
        0,
        16,
        5,
        0,
        1,
        0,
        0,
        0,
        0,
        0,
        2,
        0,
        0,
        1
      ],
      [
        2,
        2,
        2,
        1,
        7,
        0,
        1,
        0,
        0,
        2,
        0,
        2,
        3,
        2,
        1
      ],
      [
        0,
        0,
        0,
        0,
        0,
        16,
        0,
        1,
        1,
        0,
        0,
        5,
        0,
        2,
        0
      ],
      [
        0,
        0,
        0,
        0,
        2,
        0,
        8,
        0,
        3,
        4,
        1,
        0,
        2,
        4,
        1
      ],
      [
        3,
        1,
        1,
        4,
        0,
        1,
        0,
        2,
        0,
        4,
        0,
        5,
        2,
        1,
        1
      ],
      [
        0,
        0,
        0,
        0,
        1,
        1,
        2,
        0,
        20,
        1,
        0,
        0,
        0,
        0,
        0
      ],
      [
        1,
        0,
        0,
        0,
        0,
        0,
        5,
        2,
        5,
        9,
        0,
        0,
        2,
        1,
        0
      ],
      [
        5,
        1,
        0,
        1,
        1,
        2,
        0,
        0,
        1,
        0,
        8,
        0,
        1,
        1,
        4
      ],
      [
        0,
        1,
        0,
        1,
        0,
        5,
        0,
        4,
        1,
        1,
        1,
        5,
        0,
        2,
        4
      ],
      [
        1,
        1,
        0,
        1,
        3,
        1,
        3,
        0,
        1,
        7,
        0,
        1,
        4,
        0,
        2
      ],
      [
        1,
        0,
        0,
        0,
        3,
        6,
        1,
        0,
        0,
        0,
        0,
        2,
        0,
        12,
        0
      ],
      [
        0,
        1,
        0,
        1,
        1,
        1,
        2,
        0,
        3,
        3,
        4,
        1,
        2,
        0,
        6
      ]
    ],
    "n_folds": 5,
    "seed": 42
  },
  "bow": {
    "feature_type": "bow",
    "mean_accuracy": 0.4,
    "std_accuracy": 0.058423739467217725,
    "fold_accuracies": [
      0.32,
      0.4666666666666667,
      0.38666666666666666,
      0.4666666666666667,
      0.36
    ],
    "n_stimuli": 375,
    "n_concepts": 15,