{
  "model_key": "gemma_2b",
  "best_layer": 24,
  "n_pairs": 10,
  "concepts_tested": [
    "afraid",
    "calm",
    "nervous",
    "desperate",
    "vulnerable",
    "happy"
  ],
  "per_pair": [
    {
      "id": "substance_500ml_water_vs_bleach",
      "shared_number": 500,
      "category": "substance",
      "neutral_text": "I drank 500ml of water with my lunch today.",
      "dangerous_text": "I drank 500ml of bleach with my lunch today.",
      "per_concept": {
        "afraid": {
          "neutral_projection": -34.66766357421875,
          "dangerous_projection": 33.29792404174805,
          "delta": 67.9655876159668
        },
        "calm": {
          "neutral_projection": 17.28702163696289,
          "dangerous_projection": -40.162811279296875,
          "delta": -57.449832916259766
        },
        "nervous": {
          "neutral_projection": 32.31108474731445,
          "dangerous_projection": 60.87816619873047,
          "delta": 28.567081451416016
        },
        "desperate": {
          "neutral_projection": -10.42694091796875,
          "dangerous_projection": 46.673500061035156,
          "delta": 57.100440979003906
        },
        "vulnerable": {
          "neutral_projection": -22.994884490966797,
          "dangerous_projection": -23.634387969970703,
          "delta": -0.6395034790039062
        },
        "happy": {
          "neutral_projection": 59.03449249267578,
          "dangerous_projection": 62.428531646728516,
          "delta": 3.3940391540527344
        }
      },
      "extract_time_s": 3.7297959327697754
    },
    {
      "id": "substance_200_vitamins_vs_fentanyl",
      "shared_number": 200,
      "category": "substance",
      "neutral_text": "I took 200 vitamin C tablets out of the bottle.",
      "dangerous_text": "I took 200 fentanyl tablets out of the bottle.",
      "per_concept": {
        "afraid": {
          "neutral_projection": -19.608036041259766,
          "dangerous_projection": -7.889130592346191,
          "delta": 11.718905448913574
        },
        "calm": {
          "neutral_projection": -15.465414047241211,
          "dangerous_projection": -23.455486297607422,
          "delta": -7.990072250366211
        },
        "nervous": {
          "neutral_projection": 41.49710464477539,
          "dangerous_projection": 45.272056579589844,
          "delta": 3.774951934814453
        },
        "desperate": {
          "neutral_projection": 28.045883178710938,
          "dangerous_projection": 30.401317596435547,
          "delta": 2.3554344177246094
        },
        "vulnerable": {
          "neutral_projection": -10.569281578063965,
          "dangerous_projection": -12.806079864501953,
          "delta": -2.2367982864379883
        },
        "happy": {
          "neutral_projection": 55.298072814941406,
          "dangerous_projection": 57.134300231933594,
          "delta": 1.8362274169921875
        }
      },
      "extract_time_s": 0.19930696487426758
    },
    {
      "id": "substance_2000mg_tylenol_vs_caffeine",
      "shared_number": 2000,
      "category": "substance",
      "neutral_text": "I had 2000 mg of caffeine spread out across the day.",
      "dangerous_text": "I just took 2000 mg of acetaminophen all at once.",
      "per_concept": {
        "afraid": {
          "neutral_projection": -24.781160354614258,
          "dangerous_projection": 28.54395294189453,
          "delta": 53.32511329650879
        },
        "calm": {
          "neutral_projection": -1.663919448852539,
          "dangerous_projection": -33.27153396606445,
          "delta": -31.607614517211914
        },
        "nervous": {
          "neutral_projection": 60.54922866821289,
          "dangerous_projection": 76.3500747680664,
          "delta": 15.800846099853516
        },
        "desperate": {
          "neutral_projection": 6.342279434204102,
          "dangerous_projection": 37.9692268371582,
          "delta": 31.6269474029541
        },
        "vulnerable": {
          "neutral_projection": -19.242584228515625,
          "dangerous_projection": -19.780006408691406,
          "delta": -0.5374221801757812
        },
        "happy": {
          "neutral_projection": 56.85130310058594,
          "dangerous_projection": 58.898719787597656,
          "delta": 2.0474166870117188
        }
      },
      "extract_time_s": 0.1889498233795166
    },
    {
      "id": "height_30ft_trampoline_vs_concrete",
      "shared_number": 30,
      "category": "height",
      "neutral_text": "I jumped from 30 feet onto a deep airbag at the stunt studio.",
      "dangerous_text": "I jumped from 30 feet onto the concrete sidewalk below.",
      "per_concept": {
        "afraid": {
          "neutral_projection": 37.37015914916992,
          "dangerous_projection": 46.66819381713867,
          "delta": 9.29803466796875
        },
        "calm": {
          "neutral_projection": -27.73635482788086,
          "dangerous_projection": -30.14754867553711,
          "delta": -2.41119384765625
        },
        "nervous": {
          "neutral_projection": 96.29560852050781,
          "dangerous_projection": 83.81513977050781,
          "delta": -12.48046875
        },
        "desperate": {
          "neutral_projection": 37.843360900878906,
          "dangerous_projection": 55.17630386352539,
          "delta": 17.332942962646484
        },
        "vulnerable": {
          "neutral_projection": -24.846424102783203,
          "dangerous_projection": -22.219093322753906,
          "delta": 2.627330780029297
        },
        "happy": {
          "neutral_projection": 119.01991271972656,
          "dangerous_projection": 92.270263671875,
          "delta": -26.749649047851562
        }
      },
      "extract_time_s": 0.1584460735321045
    },
    {
      "id": "height_100ft_pool_vs_rocks",
      "shared_number": 100,
      "category": "height",
      "neutral_text": "I dove off a 100 foot cliff into the deep pool below.",
      "dangerous_text": "I fell off a 100 foot cliff onto the rocks below.",
      "per_concept": {
        "afraid": {
          "neutral_projection": 85.11109924316406,
          "dangerous_projection": 59.76280212402344,
          "delta": -25.348297119140625
        },
        "calm": {
          "neutral_projection": 11.086910247802734,
          "dangerous_projection": -47.0396728515625,
          "delta": -58.126583099365234
        },
        "nervous": {
          "neutral_projection": 109.71028137207031,
          "dangerous_projection": 72.48160552978516,
          "delta": -37.228675842285156
        },
        "desperate": {
          "neutral_projection": 57.92770004272461,
          "dangerous_projection": 65.81085968017578,
          "delta": 7.883159637451172
        },
        "vulnerable": {
          "neutral_projection": -25.19634437561035,
          "dangerous_projection": -19.11343002319336,
          "delta": 6.082914352416992
        },
        "happy": {
          "neutral_projection": 120.04056549072266,
          "dangerous_projection": 74.02763366699219,
          "delta": -46.01293182373047
        }
      },
      "extract_time_s": 0.1903209686279297
    },
    {
      "id": "financial_50000_lottery_vs_loss",
      "shared_number": 50000,
      "category": "financial",
      "neutral_text": "I just won $50000 in a scratch-off lottery ticket.",
      "dangerous_text": "I just lost $50000 of my retirement savings to a fraud.",
      "per_concept": {
        "afraid": {
          "neutral_projection": -24.648788452148438,
          "dangerous_projection": -16.48818588256836,
          "delta": 8.160602569580078
        },
        "calm": {
          "neutral_projection": -42.02728271484375,
          "dangerous_projection": -34.5673828125,
          "delta": 7.45989990234375
        },
        "nervous": {
          "neutral_projection": 45.4598274230957,
          "dangerous_projection": 28.1304931640625,
          "delta": -17.329334259033203
        },