{
  "claim_id": "representation_geometry_valence",
  "model_key": "gemma_9b",
  "paper_id": "emotions",
  "metrics": {
    "valence_correlation": 0.7900278372963252,
    "arousal_correlation": 0.03211386366709992,
    "pc_correlations": {
      "PC1": {
        "valence_r": -0.7900278372963252,
        "valence_abs_r": 0.7900278372963252,
        "valence_p": 0.0004576129694520773,
        "arousal_r": 0.6601054843149223,
        "arousal_abs_r": 0.6601054843149223,
        "arousal_p": 0.007404102689245346
      },
      "PC2": {
        "valence_r": -0.0003888645181909789,
        "valence_abs_r": 0.0003888645181909789,
        "valence_p": 0.9989025966105624,
        "arousal_r": 0.03211386366709992,
        "arousal_abs_r": 0.03211386366709992,
        "arousal_p": 0.9095434753260724
      },
      "PC3": {
        "valence_r": 0.4909383912640539,
        "valence_abs_r": 0.4909383912640539,
        "valence_p": 0.06313101371654947,
        "arousal_r": 0.5114945763223252,
        "arousal_abs_r": 0.5114945763223252,
        "arousal_p": 0.051308981083740615
      },
      "PC4": {
        "valence_r": -0.03329001803864881,
        "valence_abs_r": 0.03329001803864881,
        "valence_p": 0.9062437608908539,
        "arousal_r": 0.21019805628441787,
        "arousal_abs_r": 0.21019805628441787,
        "arousal_p": 0.45209339896043577
      },
      "PC5": {
        "valence_r": -0.13497193313872974,
        "valence_abs_r": 0.13497193313872974,
        "valence_p": 0.631512865538261,
        "arousal_r": 0.20149312992296886,
        "arousal_abs_r": 0.20149312992296886,
        "arousal_p": 0.4714533966966967
      },
      "PC1_valence_signed_r": -0.7900278372963252,
      "PC1_valence_p": 0.0004576129694520773,
      "PC1_valence_n": 15,
      "PC1_valence_abs_ci95": [
        0.5818246200819754,
        0.9335472033021113
      ],
      "PC2_arousal_signed_r": 0.03211386366709992,
      "PC2_arousal_p": 0.9095434753260724,
      "PC2_arousal_n": 15,
      "PC2_arousal_abs_ci95": [
        0.01001899580300795,
        0.5939981846299609
      ],
      "max_valence_abs_r_any_pc": 0.7900278372963252,
      "max_arousal_abs_r_any_pc": 0.6601054843149223
    },
    "explained_variance": [
      0.27321428060531616,
      0.18796151876449585,
      0.10391763597726822,
      0.08612393587827682,
      0.06130896508693695
    ],
    "total_variance_explained": 0.712526336312294,
    "n_clusters": 5,
    "cluster_labels": {
      "afraid": 2,
      "angry": 2,
      "blissful": 3,
      "calm": 3,
      "desperate": 2,
      "enthusiastic": 4,
      "guilty": 0,
      "happy": 1,
      "hostile": 4,
      "loving": 1,
      "nervous": 2,
      "proud": 1,
      "sad": 0,
      "stubborn": 4,
      "vulnerable": 0
    },
    "silhouette_score": 0.3890734314918518,
    "best_layer": 41,
    "n_concepts": 15,
    "top_cosine_similarities": {
      "blissful_calm": 0.7364655137062073,
      "happy_proud": 0.5754321813583374,
      "afraid_nervous": 0.5726863145828247,
      "afraid_desperate": 0.543102502822876,
      "blissful_happy": 0.43055957555770874,
      "hostile_stubborn": 0.42230844497680664,
      "happy_loving": 0.41301852464675903,
      "desperate_nervous": 0.40768927335739136,
      "blissful_loving": 0.366740345954895,
      "enthusiastic_stubborn": 0.2777120769023895
    }
  },
  "success": true,
  "metadata": {
    "n_components": 5,
    "dependency_claim": "emotion_probe_classification",
    "valence_labels_provided": true,
    "arousal_labels_provided": true
  }
}