{
  "claim_id": "emotion_probe_classification",
  "model_key": "llama_8b",
  "paper_id": "emotions",
  "metrics": {
    "probe_accuracy": 0.8186666666666668,
    "best_layer": 28,
    "per_layer_accuracy": {
      "0": 0.18133333333333332,
      "4": 0.5306666666666666,
      "8": 0.696,
      "12": 0.7466666666666666,
      "16": 0.7973333333333333,
      "20": 0.8160000000000001,
      "24": 0.8106666666666668,
      "28": 0.8186666666666668,
      "31": 0.8160000000000001
    },
    "per_concept_accuracy": {
      "afraid": 0.8,
      "angry": 0.84,
      "blissful": 0.84,
      "calm": 0.88,
      "desperate": 0.64,
      "enthusiastic": 0.92,
      "guilty": 0.88,
      "happy": 0.52,
      "hostile": 0.92,
      "loving": 0.96,
      "nervous": 0.76,
      "proud": 0.76,
      "sad": 0.88,
      "stubborn": 0.84,
      "vulnerable": 0.84
    },
    "confusion_matrix": [
      [
        20,
        0,
        0,
        0,
        4,
        0,
        0,
        0,
        0,
        0,
        1,
        0,
        0,
        0,
        0
      ],
      [
        0,
        21,
        0,
        0,
        2,
        1,
        0,
        0,
        1,
        0,
        0,
        0,
        0,
        0,
        0
      ],
      [
        0,
        0,
        21,
        2,
        0,
        0,
        0,
        2,
        0,
        0,
        0,
        0,
        0,
        0,
        0
      ],
      [
        0,
        0,
        3,
        22,
        0,
        0,
        0,
        0,
        0,
        0,
        0,
        0,
        0,
        0,
        0
      ],
      [
        4,
        0,
        0,
        0,
        16,
        0,
        0,
        0,
        1,
        0,
        1,
        0,
        2,
        0,
        1
      ],
      [
        0,
        0,
        0,
        0,
        0,
        23,
        0,
        1,
        0,
        0,
        0,
        1,
        0,
        0,
        0
      ],
      [
        0,
        0,
        0,
        0,
        1,
        0,
        22,
        0,
        0,
        0,
        0,
        0,
        2,
        0,
        0
      ],
      [
        0,
        0,
        2,
        1,
        0,
        1,
        0,
        13,
        0,
        2,
        0,
        6,
        0,
        0,
        0
      ],
      [
        0,
        0,
        0,
        0,
        0,
        1,
        0,
        0,
        23,
        0,
        0,
        0,
        0,
        1,
        0
      ],
      [
        0,
        0,
        0,
        0,
        0,
        0,
        0,
        1,
        0,
        24,
        0,
        0,
        0,
        0,
        0
      ],
      [
        3,
        0,
        0,
        0,
        1,
        0,
        0,
        0,
        0,
        0,
        19,
        0,
        1,
        0,
        1
      ],
      [
        0,
        0,
        0,
        0,
        0,
        0,
        0,
        4,
        0,
        2,
        0,
        19,
        0,
        0,
        0
      ],
      [
        0,
        0,
        0,
        0,
        0,
        0,
        0,
        1,
        0,
        2,
        0,
        0,
        22,
        0,
        0
      ],
      [
        1,
        1,
        0,
        0,
        0,
        0,
        0,
        0,
        0,
        1,
        0,
        1,
        0,
        21,
        0
      ],
      [
        0,
        0,
        1,
        0,
        0,
        0,
        1,
        0,
        0,
        0,
        1,
        0,
        1,
        0,
        21
      ]
    ],
    "n_concepts": 15,
    "n_stimuli_total": 375,
    "chance_level": 0.06666666666666667
  },
  "success": true,
  "metadata": {
    "probe_type": "logistic_regression",
    "aggregation": "last_token",
    "n_folds": 5,
    "layers_scanned": [
      0,
      4,
      8,
      12,
      16,
      20,
      24,
      28,
      31
    ],
    "seed": 42
  }
}