{
  "claim_id": "emotion_probe_classification",
  "model_key": "qwen_7b",
  "paper_id": "emotions",
  "metrics": {
    "probe_accuracy": 0.784,
    "best_layer": 24,
    "per_layer_accuracy": {
      "0": 0.368,
      "3": 0.38133333333333336,
      "6": 0.5199999999999999,
      "9": 0.616,
      "12": 0.6906666666666667,
      "15": 0.7253333333333333,
      "18": 0.7493333333333334,
      "21": 0.7546666666666666,
      "24": 0.784,
      "27": 0.7653333333333334
    },
    "per_concept_accuracy": {
      "afraid": 0.68,
      "angry": 0.92,
      "blissful": 0.84,
      "calm": 0.84,
      "desperate": 0.6,
      "enthusiastic": 0.96,
      "guilty": 0.92,
      "happy": 0.4,
      "hostile": 0.84,
      "loving": 0.72,
      "nervous": 0.76,
      "proud": 0.8,
      "sad": 0.8,
      "stubborn": 0.8,
      "vulnerable": 0.88
    },
    "confusion_matrix": [
      [
        17,
        1,
        0,
        0,
        3,
        0,
        0,
        0,
        0,
        0,
        4,
        0,
        0,
        0,
        0
      ],
      [
        0,
        23,
        0,
        0,
        0,
        1,
        0,
        0,
        0,
        0,
        1,
        0,
        0,
        0,
        0
      ],
      [
        0,
        0,
        21,
        2,
        0,
        0,
        0,
        2,
        0,
        0,
        0,
        0,
        0,
        0,
        0
      ],
      [
        0,
        0,
        3,
        21,
        0,
        0,
        0,
        1,
        0,
        0,
        0,
        0,
        0,
        0,
        0
      ],
      [
        6,
        0,
        0,
        0,
        15,
        0,
        1,
        0,
        0,
        0,
        1,
        0,
        1,
        0,
        1
      ],
      [
        0,
        0,
        1,
        0,
        0,
        24,
        0,
        0,
        0,
        0,
        0,
        0,
        0,
        0,
        0
      ],
      [
        0,
        0,
        0,
        0,
        0,
        0,
        23,
        0,
        0,
        0,
        0,
        0,
        2,
        0,
        0
      ],
      [
        0,
        0,
        1,
        1,
        0,
        1,
        0,
        10,
        0,
        4,
        0,
        7,
        1,
        0,
        0
      ],
      [
        0,
        0,
        0,
        0,
        0,
        0,
        0,
        0,
        21,
        0,
        0,
        0,
        1,
        3,
        0
      ],
      [
        0,
        0,
        0,
        1,
        0,
        0,
        1,
        1,
        0,
        18,
        0,
        1,
        2,
        0,
        1
      ],
      [
        1,
        0,
        0,
        0,
        1,
        0,
        0,
        0,
        0,
        0,
        19,
        0,
        1,
        0,
        3
      ],
      [
        0,
        0,
        0,
        0,
        0,
        0,
        0,
        4,
        0,
        1,
        0,
        20,
        0,
        0,
        0
      ],
      [
        0,
        0,
        0,
        0,
        0,
        0,
        2,
        0,
        0,
        1,
        0,
        1,
        20,
        0,
        1
      ],
      [
        1,
        1,
        0,
        0,
        0,
        0,
        0,
        0,
        2,
        0,
        0,
        0,
        0,
        20,
        1
      ],
      [
        0,
        0,
        0,
        0,
        1,
        0,
        0,
        0,
        0,
        0,
        1,
        0,
        1,
        0,
        22
      ]
    ],
    "n_concepts": 15,
    "n_stimuli_total": 375,
    "chance_level": 0.06666666666666667
  },
  "success": true,
  "metadata": {
    "probe_type": "logistic_regression",
    "aggregation": "last_token",
    "n_folds": 5,
    "layers_scanned": [
      0,
      3,
      6,
      9,
      12,
      15,
      18,
      21,
      24,
      27
    ],
    "seed": 42
  }
}