{
  "claim_id": "emotion_probe_classification",
  "model_key": "llama_70b",
  "paper_id": "emotions",
  "success": true,
  "metrics": {
    "probe_accuracy": 0.8453333333333333,
    "best_layer": 48,
    "per_layer_accuracy": {
      "0": 0.1786666666666667,
      "4": 0.2026666666666667,
      "8": 0.40800000000000003,
      "12": 0.624,
      "16": 0.7066666666666668,
      "20": 0.784,
      "24": 0.8133333333333332,
      "28": 0.8293333333333333,
      "32": 0.8106666666666668,
      "36": 0.8293333333333333,
      "40": 0.8400000000000001,
      "44": 0.8373333333333333,
      "48": 0.8453333333333333,
      "52": 0.8399999999999999,
      "56": 0.8399999999999999,
      "60": 0.8293333333333333,
      "64": 0.8320000000000001,
      "68": 0.8373333333333333,
      "72": 0.8240000000000001,
      "76": 0.8266666666666668,
      "79": 0.8213333333333332
    },
    "per_concept_accuracy": {
      "afraid": 0.68,
      "angry": 0.88,
      "blissful": 0.88,
      "calm": 0.92,
      "desperate": 0.68,
      "enthusiastic": 1.0,
      "guilty": 0.96,
      "happy": 0.56,
      "hostile": 0.92,
      "loving": 0.96,
      "nervous": 0.8,
      "proud": 0.84,
      "sad": 0.88,
      "stubborn": 0.8,
      "vulnerable": 0.92
    },
    "confusion_matrix": [
      [
        17,
        0,
        0,
        0,
        4,
        0,
        1,
        0,
        0,
        0,
        2,
        0,
        1,
        0,
        0
      ],
      [
        0,
        22,
        0,
        0,
        1,
        0,
        0,
        0,
        1,
        0,
        1,
        0,
        0,
        0,
        0
      ],
      [
        0,
        0,
        22,
        2,
        0,
        0,
        0,
        1,
        0,
        0,
        0,
        0,
        0,
        0,
        0
      ],
      [
        0,
        0,
        2,
        23,
        0,
        0,
        0,
        0,
        0,
        0,
        0,
        0,
        0,
        0,
        0
      ],
      [
        5,
        0,
        0,
        0,
        17,
        0,
        0,
        0,
        0,
        0,
        0,
        0,
        2,
        1,
        0
      ],
      [
        0,
        0,
        0,
        0,
        0,
        25,
        0,
        0,
        0,
        0,
        0,
        0,
        0,
        0,
        0
      ],
      [
        0,
        0,
        0,
        0,
        0,
        0,
        24,
        0,
        0,
        0,
        1,
        0,
        0,
        0,
        0
      ],
      [
        0,
        0,
        2,
        1,
        0,
        2,
        0,
        14,
        0,
        2,
        0,
        4,
        0,
        0,
        0
      ],
      [
        0,
        1,
        0,
        0,
        0,
        0,
        0,
        0,
        23,
        0,
        0,
        0,
        0,
        1,
        0
      ],
      [
        0,
        0,
        0,
        0,
        0,
        0,
        0,
        1,
        0,
        24,
        0,
        0,
        0,
        0,
        0
      ],
      [
        2,
        0,
        0,
        0,
        1,
        0,
        0,
        0,
        0,
        0,
        20,
        0,
        2,
        0,
        0
      ],
      [
        0,
        0,
        0,
        0,
        0,
        0,
        0,
        2,
        0,
        2,
        0,
        21,
        0,
        0,
        0
      ],
      [
        0,
        0,
        0,
        0,
        0,
        0,
        0,
        0,
        0,
        3,
        0,
        0,
        22,
        0,
        0
      ],
      [
        0,
        1,
        0,
        0,
        0,
        0,
        0,
        0,
        2,
        1,
        0,
        1,
        0,
        20,
        0
      ],
      [
        0,
        0,
        0,
        0,
        0,
        0,
        0,
        0,
        0,
        1,
        0,
        0,
        1,
        0,
        23
      ]
    ],
    "n_concepts": 15,
    "n_stimuli_total": 375,
    "chance_level": 0.06666666666666667
  },
  "metadata": {
    "model_id": "meta-llama/Llama-3.1-70B-Instruct",
    "quantization": "4bit_nf4",
    "n_layers_probed": 21,
    "probe_layers": [
      0,
      4,
      8,
      12,
      16,
      20,
      24,
      28,
      32,
      36,
      40,
      44,
      48,
      52,
      56,
      60,
      64,
      68,
      72,
      76,
      79
    ]
  }
}