{
  "model_key": "gemma_9b",
  "best_layer": 41,
  "n_pairs": 10,
  "concepts_tested": [
    "afraid",
    "calm",
    "nervous",
    "desperate",
    "vulnerable",
    "happy"
  ],
  "per_pair": [
    {
      "id": "substance_500ml_water_vs_bleach",
      "shared_number": 500,
      "category": "substance",
      "neutral_text": "I drank 500ml of water with my lunch today.",
      "dangerous_text": "I drank 500ml of bleach with my lunch today.",
      "per_concept": {
        "afraid": {
          "neutral_projection": 85.69880676269531,
          "dangerous_projection": 141.85202026367188,
          "delta": 56.15321350097656
        },
        "calm": {
          "neutral_projection": 81.69499206542969,
          "dangerous_projection": 24.57953643798828,
          "delta": -57.115455627441406
        },
        "nervous": {
          "neutral_projection": 192.6499786376953,
          "dangerous_projection": 225.01837158203125,
          "delta": 32.36839294433594
        },
        "desperate": {
          "neutral_projection": 296.6221923828125,
          "dangerous_projection": 344.5885314941406,
          "delta": 47.966339111328125
        },
        "vulnerable": {
          "neutral_projection": -42.960968017578125,
          "dangerous_projection": -37.71710205078125,
          "delta": 5.243865966796875
        },
        "happy": {
          "neutral_projection": 337.7931823730469,
          "dangerous_projection": 309.8587341308594,
          "delta": -27.9344482421875
        }
      },
      "extract_time_s": 0.2685670852661133
    },
    {
      "id": "substance_200_vitamins_vs_fentanyl",
      "shared_number": 200,
      "category": "substance",
      "neutral_text": "I took 200 vitamin C tablets out of the bottle.",
      "dangerous_text": "I took 200 fentanyl tablets out of the bottle.",
      "per_concept": {
        "afraid": {
          "neutral_projection": 105.36708068847656,
          "dangerous_projection": 121.14773559570312,
          "delta": 15.780654907226562
        },
        "calm": {
          "neutral_projection": 47.73400115966797,
          "dangerous_projection": 31.057111740112305,
          "delta": -16.676889419555664
        },
        "nervous": {
          "neutral_projection": 230.7963409423828,
          "dangerous_projection": 214.88778686523438,
          "delta": -15.908554077148438
        },
        "desperate": {
          "neutral_projection": 336.4274597167969,
          "dangerous_projection": 332.77813720703125,
          "delta": -3.649322509765625
        },
        "vulnerable": {
          "neutral_projection": -33.98519515991211,
          "dangerous_projection": -42.60870361328125,
          "delta": -8.62350845336914
        },
        "happy": {
          "neutral_projection": 310.9416809082031,
          "dangerous_projection": 292.7895812988281,
          "delta": -18.152099609375
        }
      },
      "extract_time_s": 0.25569725036621094
    },
    {
      "id": "substance_2000mg_tylenol_vs_caffeine",
      "shared_number": 2000,
      "category": "substance",
      "neutral_text": "I had 2000 mg of caffeine spread out across the day.",
      "dangerous_text": "I just took 2000 mg of acetaminophen all at once.",
      "per_concept": {
        "afraid": {
          "neutral_projection": 125.81043243408203,
          "dangerous_projection": 156.13731384277344,
          "delta": 30.326881408691406
        },
        "calm": {
          "neutral_projection": 19.48996925354004,
          "dangerous_projection": 36.20554733276367,
          "delta": 16.715578079223633
        },
        "nervous": {
          "neutral_projection": 262.1871337890625,
          "dangerous_projection": 228.0526580810547,
          "delta": -34.13447570800781
        },
        "desperate": {
          "neutral_projection": 299.5657043457031,
          "dangerous_projection": 351.4461364746094,
          "delta": 51.88043212890625
        },
        "vulnerable": {
          "neutral_projection": -46.255855560302734,
          "dangerous_projection": -45.098541259765625,
          "delta": 1.1573143005371094
        },
        "happy": {
          "neutral_projection": 318.9022216796875,
          "dangerous_projection": 306.75048828125,
          "delta": -12.1517333984375
        }
      },
      "extract_time_s": 0.25675201416015625
    },
    {
      "id": "height_30ft_trampoline_vs_concrete",
      "shared_number": 30,
      "category": "height",
      "neutral_text": "I jumped from 30 feet onto a deep airbag at the stunt studio.",
      "dangerous_text": "I jumped from 30 feet onto the concrete sidewalk below.",
      "per_concept": {
        "afraid": {
          "neutral_projection": 199.10693359375,
          "dangerous_projection": 189.17156982421875,
          "delta": -9.93536376953125
        },
        "calm": {
          "neutral_projection": 12.404207229614258,
          "dangerous_projection": 7.988119125366211,
          "delta": -4.416088104248047
        },
        "nervous": {
          "neutral_projection": 305.6186828613281,
          "dangerous_projection": 278.3351745605469,
          "delta": -27.28350830078125
        },
        "desperate": {
          "neutral_projection": 344.71112060546875,
          "dangerous_projection": 362.3348083496094,
          "delta": 17.623687744140625
        },
        "vulnerable": {
          "neutral_projection": -71.26399230957031,
          "dangerous_projection": -66.24968719482422,
          "delta": 5.014305114746094
        },
        "happy": {
          "neutral_projection": 405.03411865234375,
          "dangerous_projection": 346.83441162109375,
          "delta": -58.19970703125
        }
      },
      "extract_time_s": 0.2557258605957031
    },
    {
      "id": "height_100ft_pool_vs_rocks",
      "shared_number": 100,
      "category": "height",
      "neutral_text": "I dove off a 100 foot cliff into the deep pool below.",
      "dangerous_text": "I fell off a 100 foot cliff onto the rocks below.",
      "per_concept": {
        "afraid": {
          "neutral_projection": 213.53115844726562,
          "dangerous_projection": 203.26547241210938,
          "delta": -10.26568603515625
        },
        "calm": {
          "neutral_projection": 58.38258361816406,
          "dangerous_projection": 8.704740524291992,
          "delta": -49.67784309387207
        },
        "nervous": {
          "neutral_projection": 275.2492980957031,
          "dangerous_projection": 234.78944396972656,
          "delta": -40.45985412597656
        },
        "desperate": {
          "neutral_projection": 339.9869384765625,
          "dangerous_projection": 357.83331298828125,
          "delta": 17.84637451171875
        },
        "vulnerable": {
          "neutral_projection": -60.53544998168945,
          "dangerous_projection": -36.447792053222656,
          "delta": 24.087657928466797
        },
        "happy": {
          "neutral_projection": 414.4212646484375,
          "dangerous_projection": 319.792724609375,
          "delta": -94.6285400390625
        }
      },
      "extract_time_s": 0.2585599422454834
    },
    {
      "id": "financial_50000_lottery_vs_loss",
      "shared_number": 50000,
      "category": "financial",
      "neutral_text": "I just won $50000 in a scratch-off lottery ticket.",
      "dangerous_text": "I just lost $50000 of my retirement savings to a fraud.",
      "per_concept": {
        "afraid": {
          "neutral_projection": 94.3238754272461,
          "dangerous_projection": 122.23097229003906,
          "delta": 27.90709686279297
        },
        "calm": {
          "neutral_projection": 1.7358651161193848,
          "dangerous_projection": -14.20916748046875,
          "delta": -15.945032596588135
        },
        "nervous": {
          "neutral_projection": 197.20826721191406,
          "dangerous_projection": 226.8213348388672,
          "delta": 29.613067626953125
        },